{
  "title": "Contato",
  "meta_title": "Contato",
  "meta_description": "Contato",
  "body": "# Fale Conosco : Espaço Andrezza Bicalho\n\n<iframe src=\"https://www.google.com/maps/embed?pb=!1m14!1m8!1m3!1d15026.936387738677!2d-44.9010515!3d-19.6813465!3m2!1i1024!2i768!4f13.1!3m3!1m2!1s0xa76779646dbb0f%3A0xdab63159d383d04b!2sAv.%20Gustavo%20Capanema%2C%20201%2C%20Pitangui%20-%20MG%2C%2035650-000!5e0!3m2!1spt-BR!2sbr!4v1665356708829!5m2!1spt-BR!2sbr\" width=\"600\" height=\"450\" style=\"border:0;\" allowfullscreen=\"\" loading=\"lazy\" referrerpolicy=\"no-referrer-when-downgrade\"></iframe>\n\nAtendimento Loja Espaço Andrezza Bicalho\n\nE-mail: contato@espacoandrezzabicalho.com.br\n\n![](/img/uploads/44521-andrezza-nova-logo-redonda-.png)",
  "sections": []
}