{
  "marketing_stripe": {
    "text": "DIVIDIMOS EM ATE 8X SEM JUROS OU 10% DE DESCONTO Á VISTA.",
    "link": "",
    "background": "#2d2b2a",
    "color": "#d2aea2"
  },
  "contacts_stripe": {
    "pages": [],
    "phone_wpp": false,
    "socials": false
  },
  "categories_list": {
    "featured": [
      "/roupas?Roupas",
      "/acessorios?Acessórios",
      "/outlet?Outlet",
      "/calcados?Calçados"
    ],
    "random": 0,
    "full_width": true
  },
  "desktop_megamenu": false,
  "search_input": true,
  "full_width_submenu": false,
  "alphabetical_order_submenu": true,
  "popup": ""
}