{
  "meta_title": "",
  "meta_description": "",
  "sections": [
    {
      "type": "banner-slider",
      "autoplay": 9000,
      "full_width": true,
      "slides": [
        {
          "start": "",
          "end": "",
          "img": "/img/uploads/topmenu2banner.png",
          "mobile_img": "/img/uploads/c2.png"
        },
        {
          "start": "",
          "end": "",
          "img": "/img/uploads/topmenu1banner.png",
          "mobile_img": "/img/uploads/c1.png"
        }
      ]
    },
    {
      "type": "info-bar",
      "enabled": true
    },
    {
      "page": "",
      "title": "Produtos Populares",
      "shuffle": true,
      "headless": false,
      "type": "collection-shelf",
      "link": "",
      "limit": "",
      "collection_id": null,
      "sort": null
    },
    {
      "type": "dynamic-showcase",
      "load_more": true,
      "sort": null
    }
  ]
}